{
	"Filename": "20190515_104842_NF.mp4",
	"time_list": [
		[
			0,
			1.0
		],
		[
			1,
			29.0
		],
		[
			2,
			58.0
		],
		[
			3,
			87.0
		],
		[
			4,
			116.0
		],
		[
			5,
			145.0
		],
		[
			6,
			174.0
		],
		[
			8,
			248.0
		],
		[
			8,
			248.0
		],
		[
			9,
			261.0
		],
		[
			10,
			290.0
		],
		[
			11,
			319.0
		],
		[
			12,
			350.0
		],
		[
			13,
			377.0
		],
		[
			14,
			406.0
		],
		[
			15,
			435.0
		],
		[
			16,
			470.0
		],
		[
			17,
			493.0
		],
		[
			18,
			522.0
		],
		[
			19,
			551.0
		],
		[
			20,
			593.0
		],
		[
			21,
			610.0
		],
		[
			22,
			644.0
		]
	],
	"boxes_list": [
		[
			[
				46.5,
				608.0,
				1723,
				210
			]
		],
		[
			[
				56.0,
				603.0,
				1698,
				214
			]
		],
		[
			[
				47.5,
				607.5,
				1717,
				209
			]
		],
		[
			[
				49.5,
				603.5,
				1621,
				217
			]
		],
		[
			[
				82.0,
				612.0,
				1658,
				224
			]
		],
		[
			[
				157.0,
				659.0,
				1600,
				244
			]
		],
		[
			[
				220.5,
				700.0,
				1701,
				180
			]
		],
		[
			[
				592.0,
				611.5,
				1034,
				115
			]
		],
		[
			[
				592.0,
				611.5,
				1034,
				115
			]
		],
		[
			[
				23.5,
				667.0,
				1833,
				198
			]
		],
		[
			[
				158.0,
				815.5,
				1652,
				97
			]
		],
		[
			[
				317.5,
				650.0,
				325,
				252
			]
		],
		[
			[
				562.0,
				667.5,
				208,
				119
			]
		],
		[
			[
				518.5,
				721.5,
				269,
				141
			]
		],
		[
			[
				1116.5,
				591.0,
				243,
				268
			],
			[
				366.0,
				657.0,
				396,
				268
			]
		],
		[
			[
				983.5,
				568.5,
				245,
				281
			],
			[
				1194.5,
				624.0,
				489,
				280
			]
		],
		[
			[
				977.0,
				557.0,
				636,
				314
			]
		],
		[
			[
				975.5,
				575.0,
				669,
				332
			]
		],
		[
			[
				440.0,
				660.0,
				162,
				108
			],
			[
				1034.5,
				572.5,
				523,
				307
			]
		],
		[
			[
				1078.0,
				596.0,
				602,
				336
			]
		],
		[
			[
				88.0,
				677.0,
				360,
				164
			]
		],
		[
			[
				915.5,
				572.0,
				285,
				306
			]
		],
		[
			[
				1332.0,
				702.5,
				474,
				223
			]
		]
	],
	"location_list": [
		[
			35.945513,
			126.6875125
		],
		[
			35.9455145,
			126.68751283333333
		],
		[
			35.945515666666665,
			126.68751316666666
		],
		[
			35.9455165,
			126.68751366666666
		],
		[
			35.94551633333333,
			126.68751516666667
		],
		[
			35.945514833333334,
			126.68752366666666
		],
		[
			35.945515,
			126.68754916666667
		],
		[
			35.94551383333334,
			126.68765766666667
		],
		[
			35.94551383333334,
			126.68765766666667
		],
		[
			35.94550916666667,
			126.68773166666666
		],
		[
			35.94550133333333,
			126.6878205
		],
		[
			35.94548783333333,
			126.68791533333334
		],
		[
			35.94547016666667,
			126.6880115
		],
		[
			35.94544633333334,
			126.6881035
		],
		[
			35.9454145,
			126.68820016666666
		],
		[
			35.945372166666665,
			126.6882985
		],
		[
			35.945317,
			126.688396
		],
		[
			35.94525733333333,
			126.68849383333334
		],
		[
			35.94519716666667,
			126.68859816666667
		],
		[
			35.9451355,
			126.68870283333334
		],
		[
			35.9450755,
			126.68880783333333
		],
		[
			35.9450755,
			126.68880783333333
		],
		[
			35.9450755,
			126.68880783333333
		]
	],
	"label_list": [
		[
			"D43"
		],
		[
			"D43"
		],
		[
			"D43"
		],
		[
			"D43"
		],
		[
			"D43"
		],
		[
			"D43"
		],
		[
			"D43"
		],
		[
			"D43"
		],
		[
			"D43"
		],
		[
			"D43"
		],
		[
			"D44"
		],
		[
			"D00"
		],
		[
			"D44"
		],
		[
			"D00"
		],
		[
			"D01",
			"D00"
		],
		[
			"D01",
			"D44"
		],
		[
			"D44"
		],
		[
			"D44"
		],
		[
			"D00",
			"D44"
		],
		[
			"D44"
		],
		[
			"D44"
		],
		[
			"D01"
		],
		[
			"D44"
		]
	]
}